<keymap version="1" name="mythos" parent="Default for XWin">
  <action id="ActivateDebugToolWindow">
    <keyboard-shortcut first-keystroke="alt d" />
  </action>
  <action id="ActivateFavoritesToolWindow" />
  <action id="ActivateProjectToolWindow">
    <keyboard-shortcut first-keystroke="alt a" />
  </action>
  <action id="ActivateRunToolWindow">
    <keyboard-shortcut first-keystroke="alt x" />
  </action>
  <action id="ActivateStructureToolWindow" />
  <action id="ActivateTODOToolWindow">
    <keyboard-shortcut first-keystroke="alt t" />
  </action>
  <action id="ActivateTerminalToolWindow">
    <keyboard-shortcut first-keystroke="alt period" />
  </action>
  <action id="ActivateVersionControlToolWindow">
    <keyboard-shortcut first-keystroke="alt v" />
  </action>
  <action id="CompareTwoFiles" />
  <action id="Console.TableResult.DeleteRows" />
  <action id="Debug">
    <keyboard-shortcut first-keystroke="shift f9" />
    <keyboard-shortcut first-keystroke="alt 2" />
  </action>
  <action id="DebugClass">
    <keyboard-shortcut first-keystroke="f9" />
  </action>
  <action id="Diff.ShowDiff" />
  <action id="EditorDeleteLine">
    <keyboard-shortcut first-keystroke="ctrl d" />
  </action>
  <action id="EditorDuplicate">
    <keyboard-shortcut first-keystroke="ctrl y" />
  </action>
  <action id="FileChooser.GotoDesktop" />
  <action id="FileStructurePopup">
    <keyboard-shortcut first-keystroke="ctrl f12" />
    <keyboard-shortcut first-keystroke="alt s" />
  </action>
  <action id="GotoClass">
    <keyboard-shortcut first-keystroke="alt l" />
  </action>
  <action id="GotoFile">
    <keyboard-shortcut first-keystroke="alt i" />
  </action>
  <action id="NewElement">
    <keyboard-shortcut first-keystroke="alt back_slash" />
  </action>
  <action id="ReformatCode">
    <keyboard-shortcut first-keystroke="ctrl escape" />
  </action>
  <action id="RenameElement">
    <keyboard-shortcut first-keystroke="shift alt k" />
  </action>
  <action id="Resume" />
  <action id="Run">
    <keyboard-shortcut first-keystroke="shift f10" />
    <keyboard-shortcut first-keystroke="alt 1" />
  </action>
  <action id="RunClass">
    <keyboard-shortcut first-keystroke="shift ctrl f10" />
    <keyboard-shortcut first-keystroke="f10" />
  </action>
  <action id="SelectIn">
    <keyboard-shortcut first-keystroke="alt n" />
  </action>
  <action id="SendEOF" />
  <action id="openAssertEqualsDiff" />
</keymap>