<application>
  <component name="ExportableFileTemplateSettings">
    <internal_templates>
      <template name="TestMe with Groovy, JUnit4 &amp; Mockito.groovy" reformat="false" live-template-enabled="false" enabled="true" />
      <template name="TestMe with JUnit4 &amp; Mockito.java" reformat="false" live-template-enabled="false" enabled="true" />
    </internal_templates>
    <includes_templates>
      <template name="ActionScript File Header.as" reformat="true" live-template-enabled="true" />
      <template name="File Header.java" reformat="true" live-template-enabled="true" enabled="true" />
    </includes_templates>
  </component>
</application>