<application>
  <component name="FileTypeManager" version="17">
    <extensionMap>
      <mapping ext="klib" type="ARCHIVE" />
      <removed_mapping pattern="Dockerfile" approved="true" type="Dockerfile" />
      <mapping pattern="Dockerfile" type="PLAIN_TEXT" />
      <mapping pattern="CmdCommonMessage" type="PLAIN_TEXT" />
      <mapping pattern="LICENSE" type="PLAIN_TEXT" />
      <mapping pattern="gsad" type="PLAIN_TEXT" />
      <mapping ext="sh\" type="PLAIN_TEXT" />
      <mapping ext="java-src" type="PLAIN_TEXT" />
      <mapping ext="src" type="PLAIN_TEXT" />
      <removed_mapping pattern="Dockerfile" approved="true" type="Dockerfile" />
    </extensionMap>
  </component>
</application>