<keymap version="1" name="Myth" parent="Default for XWin">
  <action id="ActivateDatabaseConsoleToolWindow">
    <keyboard-shortcut first-keystroke="shift alt v" />
  </action>
  <action id="ActivateDatabaseToolWindow">
    <keyboard-shortcut first-keystroke="alt 3" />
  </action>
  <action id="ActivateDebugToolWindow">
    <keyboard-shortcut first-keystroke="alt d" />
  </action>
  <action id="ActivateFavoritesToolWindow" />
  <action id="ActivateFindToolWindow" />
  <action id="ActivateGradleToolWindow">
    <keyboard-shortcut first-keystroke="alt g" />
  </action>
  <action id="ActivateHierarchyToolWindow">
    <keyboard-shortcut first-keystroke="alt 8" />
    <keyboard-shortcut first-keystroke="alt h" />
  </action>
  <action id="ActivateMavenProjectsToolWindow">
    <keyboard-shortcut first-keystroke="alt m" />
  </action>
  <action id="ActivateMessagesToolWindow">
    <keyboard-shortcut first-keystroke="alt 8" />
  </action>
  <action id="ActivateProjectToolWindow">
    <keyboard-shortcut first-keystroke="alt a" />
  </action>
  <action id="ActivateRunDashboardToolWindow">
    <keyboard-shortcut first-keystroke="alt b" />
  </action>
  <action id="ActivateRunToolWindow">
    <keyboard-shortcut first-keystroke="alt x" />
  </action>
  <action id="ActivateSpringToolWindow">
    <keyboard-shortcut first-keystroke="alt z" />
  </action>
  <action id="ActivateStructureToolWindow">
    <keyboard-shortcut first-keystroke="alt r" />
  </action>
  <action id="ActivateTODOToolWindow">
    <keyboard-shortcut first-keystroke="alt t" />
  </action>
  <action id="ActivateTerminalToolWindow">
    <keyboard-shortcut first-keystroke="alt period" />
  </action>
  <action id="ActivateVersionControlToolWindow">
    <keyboard-shortcut first-keystroke="alt 9" />
    <keyboard-shortcut first-keystroke="alt v" />
  </action>
  <action id="CloseContent">
    <keyboard-shortcut first-keystroke="ctrl f4" />
    <keyboard-shortcut first-keystroke="alt f" />
  </action>
  <action id="CompileDirty">
    <keyboard-shortcut first-keystroke="ctrl f9" />
    <keyboard-shortcut first-keystroke="alt c" />
  </action>
  <action id="ContextHelp" />
  <action id="ConvertJavaToKotlin" />
  <action id="Debug">
    <keyboard-shortcut first-keystroke="shift f9" />
    <keyboard-shortcut first-keystroke="alt 2" />
  </action>
  <action id="DebugClass">
    <keyboard-shortcut first-keystroke="f9" />
  </action>
  <action id="EditorDeleteLine">
    <keyboard-shortcut first-keystroke="ctrl d" />
  </action>
  <action id="EditorDuplicate">
    <keyboard-shortcut first-keystroke="ctrl y" />
  </action>
  <action id="FileStructurePopup">
    <keyboard-shortcut first-keystroke="ctrl f12" />
    <keyboard-shortcut first-keystroke="alt s" />
  </action>
  <action id="GotoClass">
    <keyboard-shortcut first-keystroke="ctrl n" />
    <keyboard-shortcut first-keystroke="alt l" />
  </action>
  <action id="GotoFile">
    <keyboard-shortcut first-keystroke="shift ctrl n" />
    <keyboard-shortcut first-keystroke="alt i" />
  </action>
  <action id="GotoTest">
    <keyboard-shortcut first-keystroke="shift ctrl t" />
    <keyboard-shortcut first-keystroke="shift ctrl q" />
  </action>
  <action id="Groovy.NewClass">
    <keyboard-shortcut first-keystroke="alt close_bracket" />
  </action>
  <action id="HideAllWindows">
    <keyboard-shortcut first-keystroke="shift alt h" />
  </action>
  <action id="IntroduceVariable">
    <keyboard-shortcut first-keystroke="ctrl alt v" />
    <keyboard-shortcut first-keystroke="shift ctrl alt j" />
  </action>
  <action id="JUnitTestPlugin.ToggleTestCaseTestedClassAction">
    <keyboard-shortcut first-keystroke="shift ctrl t" />
    <keyboard-shortcut first-keystroke="shift ctrl q" />
  </action>
  <action id="NewClass">
    <keyboard-shortcut first-keystroke="alt back_slash" />
  </action>
  <action id="NewDir">
    <keyboard-shortcut first-keystroke="ctrl alt back_slash" />
  </action>
  <action id="NewFile">
    <keyboard-shortcut first-keystroke="shift ctrl back_slash" />
  </action>
  <action id="NewHtmlFile">
    <keyboard-shortcut first-keystroke="alt quote" />
  </action>
  <action id="NewJavaScriptFile">
    <keyboard-shortcut first-keystroke="alt open_bracket" />
  </action>
  <action id="NewStylesheetFile">
    <keyboard-shortcut first-keystroke="alt semicolon" />
  </action>
  <action id="RecentFiles">
    <keyboard-shortcut first-keystroke="ctrl e" />
    <keyboard-shortcut first-keystroke="alt e" />
  </action>
  <action id="ReformatCode">
    <keyboard-shortcut first-keystroke="ctrl alt l" />
    <keyboard-shortcut first-keystroke="ctrl escape" />
  </action>
  <action id="RenameElement">
    <keyboard-shortcut first-keystroke="shift f6" />
    <keyboard-shortcut first-keystroke="shift alt k" />
  </action>
  <action id="Resume" />
  <action id="Run">
    <keyboard-shortcut first-keystroke="shift f10" />
    <keyboard-shortcut first-keystroke="alt 1" />
  </action>
  <action id="RunClass">
    <keyboard-shortcut first-keystroke="shift ctrl f10" />
    <keyboard-shortcut first-keystroke="f10" />
    <keyboard-shortcut first-keystroke="shift alt 1" />
  </action>
  <action id="SaveAll">
    <keyboard-shortcut first-keystroke="shift ctrl s" />
  </action>
  <action id="SearchEverywhere">
    <keyboard-shortcut first-keystroke="alt k" />
  </action>
  <action id="SelectAllOccurrences">
    <keyboard-shortcut first-keystroke="shift ctrl alt o" />
  </action>
  <action id="SelectIn">
    <keyboard-shortcut first-keystroke="alt f1" />
    <keyboard-shortcut first-keystroke="alt n" />
  </action>
  <action id="ShowSettings" />
  <action id="ShowUsages">
    <keyboard-shortcut first-keystroke="ctrl alt 7" />
    <keyboard-shortcut first-keystroke="shift alt u" />
  </action>
  <action id="Stop">
    <keyboard-shortcut first-keystroke="ctrl f2" />
    <keyboard-shortcut first-keystroke="alt escape" />
  </action>
</keymap>