<application>
  <component name="PyTestFrameworkService">
    <option name="SDK_TO_PYTEST">
      <map>
        <entry key="$USER_HOME$/PycharmProjects/first/venv/bin/python" value="false" />
      </map>
    </option>
    <option name="SDK_TO_NOSETEST">
      <map>
        <entry key="$USER_HOME$/PycharmProjects/first/venv/bin/python" value="false" />
      </map>
    </option>
    <option name="SDK_TO_TRIALTEST">
      <map>
        <entry key="$USER_HOME$/PycharmProjects/first/venv/bin/python" value="false" />
      </map>
    </option>
  </component>
</application>